{
  "country_name": "Malaysia",
  "states": {
    "1": {
      "name": "Johor",
      "cities": {
        "Batu Pahat": {
          "name": "Batu Pahat",
          "timezone": "Asia/Kuala_Lumpur",
          "zipcodes": [
            "83000"
          ],
          "region_name/district_name": ""
        },
        "Ayer Hitam": {
          "name": "Ayer Hitam",
          "timezone": "Asia/Kuala_Lumpur",
          "zipcodes": [
            "86100",
            "06150"
          ],
          "region_name/district_name": ""
        },
        "Parit Raja": {
          "name": "Parit Raja",
          "timezone": "Asia/Kuala_Lumpur",
          "zipcodes": [
            "86400"
          ],
          "region_name/district_name": ""
        },
        "Simpang Renggam": {
          "name": "Simpang Renggam",
          "timezone": "Asia/Kuala_Lumpur",
          "zipcodes": [],
          "region_name/district_name": ""
        },
        "Ayer Baloi": {
          "name": "Ayer Baloi",
          "timezone": "Asia/Kuala_Lumpur",
          "zipcodes": [
            "82100"
          ],
          "region_name/district_name": ""
        },
        "Pontian Kechil": {
          "name": "Pontian Kechil",
          "timezone": "Asia/Kuala_Lumpur",
          "zipcodes": [],
          "region_name/district_name": ""
        },
        "Pasir Gudang": {
          "name": "Pasir Gudang",
          "timezone": "Asia/Kuala_Lumpur",
          "zipcodes": [
            "81700"
          ],
          "region_name/district_name": ""
        },
        "Kampung Ulu Tiram": {
          "name": "Kampung Ulu Tiram",
          "timezone": "Asia/Kuala_Lumpur",
          "zipcodes": [],
          "region_name/district_name": ""
        },
        "Kampung Larkin Lama": {
          "name": "Kampung Larkin Lama",
          "timezone": "Asia/Kuala_Lumpur",
          "zipcodes": [],
          "region_name/district_name": ""
        },
        "Kota Tinggi": {
          "name": "Kota Tinggi",
          "timezone": "Asia/Kuala_Lumpur",
          "zipcodes": [
            "81900"
          ],
          "region_name/district_name": ""
        },
        "Taman Senai": {
          "name": "Taman Senai",
          "timezone": "Asia/Kuala_Lumpur",
          "zipcodes": [],
          "region_name/district_name": ""
        },
        "Kulai": {
          "name": "Kulai",
          "timezone": "Asia/Kuala_Lumpur",
          "zipcodes": [
            "81000"
          ],
          "region_name/district_name": ""
        },
        "Kampung Kangkar Pulai": {
          "name": "Kampung Kangkar Pulai",
          "timezone": "Asia/Kuala_Lumpur",
          "zipcodes": [],
          "region_name/district_name": ""
        },
        "Skudai": {
          "name": "Skudai",
          "timezone": "Asia/Kuala_Lumpur",
          "zipcodes": [],
          "region_name/district_name": ""
        },
        "Masai": {
          "name": "Masai",
          "timezone": "Asia/Kuala_Lumpur",
          "zipcodes": [
            "81750"
          ],
          "region_name/district_name": ""
        },
        "Johor Bahru": {
          "name": "Johor Bahru",
          "timezone": "Asia/Kuala_Lumpur",
          "zipcodes": [
            "80000",
            "80050",
            "80100",
            "80150",
            "80200",
            "80250",
            "80300",
            "80350",
            "80400",
            "80500",
            "80506",
            "80508",
            "80516",
            "80519",
            "80534",
            "80536",
            "80542",
            "80546",
            "80558",
            "80560",
            "80564",
            "80568",
            "80578",
            "80584",
            "80586",
            "80590",
            "80592",
            "80594",
            "80596",
            "80600",
            "80604",
            "80608",
            "80620",
            "80622",
            "80628",
            "80644",
            "80648",
            "80662",
            "80664",
            "80668",
            "80670",
            "80672",
            "80673",
            "80676",
            "80700",
            "80710",
            "80720",
            "80730",
            "80900",
            "80902",
            "80904",
            "80906",
            "80908",
            "80988",
            "80990",
            "81000",
            "81100",
            "81200",
            "81300",
            "81310"
          ],
          "region_name/district_name": ""
        },
        "Gelang Patah": {
          "name": "Gelang Patah",
          "timezone": "Asia/Kuala_Lumpur",
          "zipcodes": [
            "81550"
          ],
          "region_name/district_name": ""
        },
        "Kluang": {
          "name": "Kluang",
          "timezone": "Asia/Kuala_Lumpur",
          "zipcodes": [
            "86000",
            "86300"
          ],
          "region_name/district_name": ""
        },
        "Yong Peng": {
          "name": "Yong Peng",
          "timezone": "Asia/Kuala_Lumpur",
          "zipcodes": [
            "83700"
          ],
          "region_name/district_name": ""
        },
        "Mersing": {
          "name": "Mersing",
          "timezone": "Asia/Kuala_Lumpur",
          "zipcodes": [
            "86800",
            "86810"
          ],
          "region_name/district_name": ""
        },
        "Segamat": {
          "name": "Segamat",
          "timezone": "Asia/Kuala_Lumpur",
          "zipcodes": [
            "85000"
          ],
          "region_name/district_name": ""
        },
        "Tangkak": {
          "name": "Tangkak",
          "timezone": "Asia/Kuala_Lumpur",
          "zipcodes": [
            "84000",
            "84900"
          ],
          "region_name/district_name": ""
        },
        "Pagoh": {
          "name": "Pagoh",
          "timezone": "Asia/Kuala_Lumpur",
          "zipcodes": [
            "84600"
          ],
          "region_name/district_name": ""
        },
        "Bandar Sungai Mati": {
          "name": "Bandar Sungai Mati",
          "timezone": "Asia/Kuala_Lumpur",
          "zipcodes": [],
          "region_name/district_name": ""
        },
        "Muar town": {
          "name": "Muar town",
          "timezone": "Asia/Kuala_Lumpur",
          "zipcodes": [],
          "region_name/district_name": ""
        },
        "Chaah": {
          "name": "Chaah",
          "timezone": "Asia/Kuala_Lumpur",
          "zipcodes": [
            "85400"
          ],
          "region_name/district_name": ""
        },
        "nan": {
          "name": "nan",
          "timezone": "Asia/Kuala_Lumpur",
          "zipcodes": [],
          "region_name/district_name": ""
        },
        "Bukit Gambir": {
          "name": "Bukit Gambir",
          "timezone": "Asia/Kuala_Lumpur",
          "zipcodes": [
            "84800"
          ],
          "region_name/district_name": ""
        },
        "Bandar Penawar": {
          "name": "Bandar Penawar",
          "timezone": "Asia/Kuala_Lumpur",
          "zipcodes": [
            "81930"
          ],
          "region_name/district_name": ""
        },
        "Kampung Jaya Sepakat": {
          "name": "Kampung Jaya Sepakat",
          "timezone": "Asia/Kuala_Lumpur",
          "zipcodes": [],
          "region_name/district_name": ""
        },
        "Iskandar Puteri": {
          "name": "Iskandar Puteri",
          "timezone": "Asia/Kuala_Lumpur",
          "zipcodes": [],
          "region_name/district_name": ""
        }
      }
    },
    "2": {
      "name": "Kedah",
      "cities": {
        "Kuah": {
          "name": "Kuah",
          "timezone": "Asia/Kuala_Lumpur",
          "zipcodes": [],
          "region_name/district_name": ""
        },
        "Lunas": {
          "name": "Lunas",
          "timezone": "Asia/Kuala_Lumpur",
          "zipcodes": [
            "09600"
          ],
          "region_name/district_name": ""
        },
        "Kulim": {
          "name": "Kulim",
          "timezone": "Asia/Kuala_Lumpur",
          "zipcodes": [
            "09000",
            "09007",
            "09009",
            "09010",
            "09020"
          ],
          "region_name/district_name": ""
        },
        "Bandar Baharu": {
          "name": "Bandar Baharu",
          "timezone": "Asia/Kuala_Lumpur",
          "zipcodes": [
            "34950"
          ],
          "region_name/district_name": ""
        },
        "Baling": {
          "name": "Baling",
          "timezone": "Asia/Kuala_Lumpur",
          "zipcodes": [
            "09100"
          ],
          "region_name/district_name": ""
        },
        "Gurun": {
          "name": "Gurun",
          "timezone": "Asia/Kuala_Lumpur",
          "zipcodes": [
            "08300",
            "08330",
            "08800"
          ],
          "region_name/district_name": ""
        },
        "Sungai Petani": {
          "name": "Sungai Petani",
          "timezone": "Asia/Kuala_Lumpur",
          "zipcodes": [
            "08000",
            "08007",
            "08009",
            "08010",
            "08600"
          ],
          "region_name/district_name": ""
        },
        "Changloon": {
          "name": "Changloon",
          "timezone": "Asia/Kuala_Lumpur",
          "zipcodes": [
            "06010"
          ],
          "region_name/district_name": ""
        },
        "Jitra": {
          "name": "Jitra",
          "timezone": "Asia/Kuala_Lumpur",
          "zipcodes": [
            "06000",
            "06007",
            "06009"
          ],
          "region_name/district_name": ""
        },
        "Kepala Batas": {
          "name": "Kepala Batas",
          "timezone": "Asia/Kuala_Lumpur",
          "zipcodes": [
            "06200",
            "06207",
            "06209",
            "13200",
            "13210",
            "13220"
          ],
          "region_name/district_name": ""
        },
        "Alor Star": {
          "name": "Alor Star",
          "timezone": "Asia/Kuala_Lumpur",
          "zipcodes": [
            "05150",
            "05350",
            "05400",
            "05460",
            "06250",
            "06550"
          ],
          "region_name/district_name": ""
        },
        "Pokok Sena": {
          "name": "Pokok Sena",
          "timezone": "Asia/Kuala_Lumpur",
          "zipcodes": [
            "06350",
            "06400"
          ],
          "region_name/district_name": ""
        },
        "Kuching": {
          "name": "Kuching",
          "timezone": "Asia/Kuala_Lumpur",
          "zipcodes": [
            "93000",
            "93010",
            "93050",
            "93100",
            "93150",
            "93200",
            "93250",
            "93300",
            "93350",
            "93400",
            "93450",
            "93500",
            "93502",
            "93503",
            "93504",
            "93505",
            "93506",
            "93507",
            "93508",
            "93514",
            "93516",
            "93517",
            "93518",
            "93519",
            "93520",
            "93527",
            "93529",
            "93532",
            "93540",
            "93550",
            "93551",
            "93552",
            "93554",
            "93556",
            "93558",
            "93560",
            "93564",
            "93566",
            "93570",
            "93572",
            "93576",
            "93578",
            "93582",
            "93586",
            "93590",
            "93592",
            "93594",
            "93596",
            "93600",
            "93604",
            "93606",
            "93608",
            "93609",
            "93610",
            "93612",
            "93614",
            "93618",
            "93619",
            "93620",
            "93626",
            "93628",
            "93632",
            "93634",
            "93648",
            "93658",
            "93660",
            "93661",
            "93662",
            "93670",
            "93672",
            "93677",
            "93690",
            "93694",
            "93700",
            "93702",
            "93704",
            "93706",
            "93708",
            "93710",
            "93712",
            "93714",
            "93716",
            "93718",
            "93720",
            "93722",
            "93724",
            "93726",
            "93728",
            "93730",
            "93732",
            "93734",
            "93736",
            "93738",
            "93740",
            "93742",
            "93744",
            "93746",
            "93748",
            "93750",
            "93752",
            "93754",
            "93756",
            "93758",
            "93760",
            "93762",
            "93764",
            "93900",
            "93902",
            "93904",
            "93906",
            "93908",
            "93910",
            "93912",
            "93914",
            "93916",
            "93990"
          ],
          "region_name/district_name": ""
        },
        "Kuala Ketil": {
          "name": "Kuala Ketil",
          "timezone": "Asia/Kuala_Lumpur",
          "zipcodes": [
            "09300",
            "09310"
          ],
          "region_name/district_name": ""
        },
        "Pendang": {
          "name": "Pendang",
          "timezone": "Asia/Kuala_Lumpur",
          "zipcodes": [
            "06400",
            "06700",
            "06707",
            "06709",
            "06710",
            "06720",
            "06750"
          ],
          "region_name/district_name": ""
        },
        "Badak": {
          "name": "Badak",
          "timezone": "Asia/Kuala_Lumpur",
          "zipcodes": [],
          "region_name/district_name": ""
        }
      }
    },
    "3": {
      "name": "Kelantan",
      "cities": {
        "Kelantan": {
          "name": "Kelantan",
          "timezone": "Asia/Kuala_Lumpur",
          "zipcodes": [],
          "region_name/district_name": ""
        },
        "Pasir Puteh": {
          "name": "Pasir Puteh",
          "timezone": "Asia/Kuala_Lumpur",
          "zipcodes": [
            "16800",
            "16800"
          ],
          "region_name/district_name": ""
        },
        "Tanah Merah": {
          "name": "Tanah Merah",
          "timezone": "Asia/Kuala_Lumpur",
          "zipcodes": [
            "17500",
            "17507",
            "17509",
            "17510"
          ],
          "region_name/district_name": ""
        },
        "Machang": {
          "name": "Machang",
          "timezone": "Asia/Kuala_Lumpur",
          "zipcodes": [
            "18500"
          ],
          "region_name/district_name": ""
        },
        "Pengkalan Chepa": {
          "name": "Pengkalan Chepa",
          "timezone": "Asia/Kuala_Lumpur",
          "zipcodes": [],
          "region_name/district_name": ""
        },
        "Wakaf Baharu": {
          "name": "Wakaf Baharu",
          "timezone": "Asia/Kuala_Lumpur",
          "zipcodes": [],
          "region_name/district_name": ""
        },
        "Pasir Mas": {
          "name": "Pasir Mas",
          "timezone": "Asia/Kuala_Lumpur",
          "zipcodes": [
            "17000",
            "17007",
            "17009",
            "17010",
            "17020",
            "17030",
            "17040",
            "17050",
            "17060",
            "17070"
          ],
          "region_name/district_name": ""
        },
        "Kota Bharu": {
          "name": "Kota Bharu",
          "timezone": "Asia/Kuala_Lumpur",
          "zipcodes": [
            "15000",
            "15050",
            "15100",
            "15150",
            "15159",
            "15200",
            "15300",
            "15350",
            "15400",
            "15500",
            "15502",
            "15503",
            "15504",
            "15505",
            "15506",
            "15508",
            "15512",
            "15514",
            "15516",
            "15517",
            "15518",
            "15519",
            "15520",
            "15524",
            "15529",
            "15532",
            "15534",
            "15536",
            "15538",
            "15540",
            "15546",
            "15548",
            "15550",
            "15551",
            "15556",
            "15558",
            "15560",
            "15564",
            "15570",
            "15572",
            "15576",
            "15578",
            "15582",
            "15586",
            "15590",
            "15592",
            "15594",
            "15596",
            "15600",
            "15604",
            "15608",
            "15609",
            "15612",
            "15614",
            "15616",
            "15622",
            "15623",
            "15626",
            "15628",
            "15630",
            "15632",
            "15634",
            "15644",
            "15646",
            "15648",
            "15658",
            "15660",
            "15661",
            "15664",
            "15670",
            "15672",
            "15673",
            "15674",
            "15676",
            "15680",
            "15690",
            "15710",
            "15720",
            "15730",
            "15740",
            "15988",
            "15990",
            "16010",
            "16020",
            "16100",
            "16109",
            "16150"
          ],
          "region_name/district_name": ""
        },
        "Bachok": {
          "name": "Bachok",
          "timezone": "Asia/Kuala_Lumpur",
          "zipcodes": [
            "16020",
            "16030",
            "16050",
            "16060",
            "16070",
            "16090",
            "16300",
            "16310",
            "16320"
          ],
          "region_name/district_name": ""
        }
      }
    },
    "4": {
      "name": "Melaka",
      "cities": {
        "Masjid Tanah": {
          "name": "Masjid Tanah",
          "timezone": "Asia/Kuala_Lumpur",
          "zipcodes": [
            "78300",
            "78307",
            "78309"
          ],
          "region_name/district_name": ""
        },
        "Lubok China": {
          "name": "Lubok China",
          "timezone": "Asia/Kuala_Lumpur",
          "zipcodes": [
            "78100"
          ],
          "region_name/district_name": ""
        },
        "Selandar": {
          "name": "Selandar",
          "timezone": "Asia/Kuala_Lumpur",
          "zipcodes": [
            "77500"
          ],
          "region_name/district_name": ""
        },
        "Alor Gajah": {
          "name": "Alor Gajah",
          "timezone": "Asia/Kuala_Lumpur",
          "zipcodes": [
            "78000",
            "78009"
          ],
          "region_name/district_name": ""
        },
        "Jasin": {
          "name": "Jasin",
          "timezone": "Asia/Kuala_Lumpur",
          "zipcodes": [
            "77000",
            "77007",
            "77008",
            "77009",
            "77200"
          ],
          "region_name/district_name": ""
        },
        "Durian Tunggal": {
          "name": "Durian Tunggal",
          "timezone": "Asia/Kuala_Lumpur",
          "zipcodes": [
            "76100",
            "76109"
          ],
          "region_name/district_name": ""
        },
        "Kampung Ayer Keroh": {
          "name": "Kampung Ayer Keroh",
          "timezone": "Asia/Kuala_Lumpur",
          "zipcodes": [],
          "region_name/district_name": ""
        },
        "Malacca": {
          "name": "Malacca",
          "timezone": "Asia/Kuala_Lumpur",
          "zipcodes": [],
          "region_name/district_name": ""
        },
        "Merlimau": {
          "name": "Merlimau",
          "timezone": "Asia/Kuala_Lumpur",
          "zipcodes": [
            "77300",
            "77309"
          ],
          "region_name/district_name": ""
        },
        "Pulau Sebang": {
          "name": "Pulau Sebang",
          "timezone": "Asia/Kuala_Lumpur",
          "zipcodes": [],
          "region_name/district_name": ""
        },
        "Batu Berendam": {
          "name": "Batu Berendam",
          "timezone": "Asia/Kuala_Lumpur",
          "zipcodes": [],
          "region_name/district_name": ""
        }
      }
    },
    "5": {
      "name": "Negeri Sembilan",
      "cities": {
        "Kuala Klawang": {
          "name": "Kuala Klawang",
          "timezone": "Asia/Kuala_Lumpur",
          "zipcodes": [
            "71600",
            "71609",
            "71650",
            "71659"
          ],
          "region_name/district_name": ""
        },
        "Lenggeng": {
          "name": "Lenggeng",
          "timezone": "Asia/Kuala_Lumpur",
          "zipcodes": [],
          "region_name/district_name": ""
        },
        "Seremban": {
          "name": "Seremban",
          "timezone": "Asia/Kuala_Lumpur",
          "zipcodes": [
            "70000",
            "70100",
            "70200",
            "70300",
            "70400",
            "70450",
            "70500",
            "70502",
            "70503",
            "70504",
            "70505",
            "70506",
            "70508",
            "70512",
            "70516",
            "70517",
            "70518",
            "70532",
            "70534",
            "70536",
            "70540",
            "70546",
            "70548",
            "70550",
            "70551",
            "70558",
            "70560",
            "70564",
            "70570",
            "70572",
            "70576",
            "70578",
            "70582",
            "70586",
            "70590",
            "70592",
            "70594",
            "70596",
            "70600",
            "70604",
            "70606",
            "70608",
            "70609",
            "70610",
            "70620",
            "70626",
            "70628",
            "70632",
            "70634",
            "70644",
            "70646",
            "70648",
            "70658",
            "70664",
            "70670",
            "70672",
            "70673",
            "70674",
            "70676",
            "70690",
            "70700",
            "70710",
            "70720",
            "70730",
            "70740",
            "70750",
            "70990",
            "71450",
            "71459",
            "71770",
            "71950"
          ],
          "region_name/district_name": ""
        },
        "Rantau": {
          "name": "Rantau",
          "timezone": "Asia/Kuala_Lumpur",
          "zipcodes": [
            "71010",
            "71100",
            "71109",
            "71200",
            "71209"
          ],
          "region_name/district_name": ""
        },
        "Port Dickson": {
          "name": "Port Dickson",
          "timezone": "Asia/Kuala_Lumpur",
          "zipcodes": [
            "71000",
            "71007",
            "71009",
            "71010",
            "71960"
          ],
          "region_name/district_name": ""
        },
        "Taman Senawang Indah": {
          "name": "Taman Senawang Indah",
          "timezone": "Asia/Kuala_Lumpur",
          "zipcodes": [],
          "region_name/district_name": ""
        },
        "Bahau": {
          "name": "Bahau",
          "timezone": "Asia/Kuala_Lumpur",
          "zipcodes": [
            "72100",
            "72107",
            "72109"
          ],
          "region_name/district_name": ""
        },
        "Kuala Pilah": {
          "name": "Kuala Pilah",
          "timezone": "Asia/Kuala_Lumpur",
          "zipcodes": [
            "72000",
            "72007",
            "72009",
            "72500",
            "72507",
            "72509"
          ],
          "region_name/district_name": ""
        },
        "Sungai Gadut": {
          "name": "Sungai Gadut",
          "timezone": "Asia/Kuala_Lumpur",
          "zipcodes": [],
          "region_name/district_name": ""
        },
        "Kota": {
          "name": "Kota",
          "timezone": "Asia/Kuala_Lumpur",
          "zipcodes": [
            "71350",
            "71359"
          ],
          "region_name/district_name": ""
        },
        "Rompin": {
          "name": "Rompin",
          "timezone": "Asia/Kuala_Lumpur",
          "zipcodes": [
            "73500",
            "73507",
            "73509"
          ],
          "region_name/district_name": ""
        },
        "Kampung Tampin": {
          "name": "Kampung Tampin",
          "timezone": "Asia/Kuala_Lumpur",
          "zipcodes": [],
          "region_name/district_name": ""
        },
        "Kampung Kuala Jempol": {
          "name": "Kampung Kuala Jempol",
          "timezone": "Asia/Kuala_Lumpur",
          "zipcodes": [],
          "region_name/district_name": ""
        },
        "Kampung Baharu Nilai": {
          "name": "Kampung Baharu Nilai",
          "timezone": "Asia/Kuala_Lumpur",
          "zipcodes": [],
          "region_name/district_name": ""
        },
        "Kampung Baharu Mantin": {
          "name": "Kampung Baharu Mantin",
          "timezone": "Asia/Kuala_Lumpur",
          "zipcodes": [],
          "region_name/district_name": ""
        },
        "Pelabuhan Kelang Utara": {
          "name": "Pelabuhan Kelang Utara",
          "timezone": "Asia/Kuala_Lumpur",
          "zipcodes": [],
          "region_name/district_name": ""
        }
      }
    },
    "6": {
      "name": "Pahang",
      "cities": {
        "Jerantut": {
          "name": "Jerantut",
          "timezone": "Asia/Kuala_Lumpur",
          "zipcodes": [
            "27000",
            "27010",
            "27020",
            "27040",
            "27050",
            "27060",
            "27070",
            "27090",
            "27150",
            "27000"
          ],
          "region_name/district_name": ""
        },
        "Maran": {
          "name": "Maran",
          "timezone": "Asia/Kuala_Lumpur",
          "zipcodes": [
            "26500"
          ],
          "region_name/district_name": ""
        },
        "Raub": {
          "name": "Raub",
          "timezone": "Asia/Kuala_Lumpur",
          "zipcodes": [
            "27600",
            "27607",
            "27609",
            "27610",
            "27620",
            "27630",
            "27670"
          ],
          "region_name/district_name": ""
        },
        "Bentung": {
          "name": "Bentung",
          "timezone": "Asia/Kuala_Lumpur",
          "zipcodes": [],
          "region_name/district_name": ""
        },
        "Simpang Pulai": {
          "name": "Simpang Pulai",
          "timezone": "Asia/Kuala_Lumpur",
          "zipcodes": [],
          "region_name/district_name": ""
        },
        "Pekan": {
          "name": "Pekan",
          "timezone": "Asia/Kuala_Lumpur",
          "zipcodes": [
            "26600",
            "26607",
            "26609",
            "26610",
            "26620",
            "26630",
            "26640",
            "26650",
            "26660",
            "26680"
          ],
          "region_name/district_name": ""
        },
        "Mentekab": {
          "name": "Mentekab",
          "timezone": "Asia/Kuala_Lumpur",
          "zipcodes": [],
          "region_name/district_name": ""
        },
        "Temerluh": {
          "name": "Temerluh",
          "timezone": "Asia/Kuala_Lumpur",
          "zipcodes": [],
          "region_name/district_name": ""
        },
        "Teriang": {
          "name": "Teriang",
          "timezone": "Asia/Kuala_Lumpur",
          "zipcodes": [],
          "region_name/district_name": ""
        },
        "Genting Highlands": {
          "name": "Genting Highlands",
          "timezone": "Asia/Kuala_Lumpur",
          "zipcodes": [
            "69000"
          ],
          "region_name/district_name": ""
        },
        "Kuantan": {
          "name": "Kuantan",
          "timezone": "Asia/Kuala_Lumpur",
          "zipcodes": [
            "25000",
            "25050",
            "25100",
            "25150",
            "25200",
            "25250",
            "25300",
            "25350",
            "25500",
            "25502",
            "25503",
            "25504",
            "25505",
            "25506",
            "25508",
            "25509",
            "25512",
            "25514",
            "25516",
            "25517",
            "25518",
            "25520",
            "25524",
            "25529",
            "25532",
            "25534",
            "25536",
            "25538",
            "25540",
            "25546",
            "25548",
            "25550",
            "25551",
            "25552",
            "25556",
            "25558",
            "25560",
            "25564",
            "25570",
            "25576",
            "25578",
            "25582",
            "25584",
            "25586",
            "25590",
            "25592",
            "25594",
            "25596",
            "25598",
            "25600",
            "25604",
            "25606",
            "25608",
            "25609",
            "25610",
            "25612",
            "25614",
            "25620",
            "25622",
            "25626",
            "25628",
            "25630",
            "25632",
            "25644",
            "25646",
            "25648",
            "25656",
            "25660",
            "25661",
            "25662",
            "25670",
            "25672",
            "25673",
            "25674",
            "25676",
            "25690",
            "25700",
            "25710",
            "25720",
            "25730",
            "25740",
            "25750",
            "25990",
            "26010",
            "26040",
            "26060",
            "26070",
            "26080",
            "26100",
            "26140",
            "26170",
            "26180",
            "26060"
          ],
          "region_name/district_name": ""
        },
        "Kuala Pahang": {
          "name": "Kuala Pahang",
          "timezone": "Asia/Kuala_Lumpur",
          "zipcodes": [],
          "region_name/district_name": ""
        },
        "Pulau Pinang": {
          "name": "Pulau Pinang",
          "timezone": "Asia/Kuala_Lumpur",
          "zipcodes": [
            "10000",
            "10050",
            "10100",
            "10150",
            "10200",
            "10250",
            "10300",
            "10350",
            "10400",
            "10450",
            "10460",
            "10470",
            "10500",
            "10502",
            "10503",
            "10504",
            "10505",
            "10506",
            "10508",
            "10512",
            "10514",
            "10516",
            "10518",
            "10524",
            "10534",
            "10538",
            "10540",
            "10542",
            "10546",
            "10550",
            "10551",
            "10552",
            "10558",
            "10560",
            "10564",
            "10566",
            "10570",
            "10576",
            "10578",
            "10582",
            "10590",
            "10592",
            "10593",
            "10594",
            "10596",
            "10600",
            "10604",
            "10609",
            "10610",
            "10612",
            "10620",
            "10622",
            "10626",
            "10628",
            "10634",
            "10646",
            "10648",
            "10660",
            "10661",
            "10662",
            "10670",
            "10672",
            "10673",
            "10674",
            "10676",
            "10690",
            "10710",
            "10720",
            "10730",
            "10740",
            "10750",
            "10760",
            "10770",
            "10780",
            "10790",
            "10800",
            "10810",
            "10820",
            "10830",
            "10840",
            "10850",
            "10910",
            "10920",
            "10990",
            "11050",
            "11060",
            "11400",
            "11409"
          ],
          "region_name/district_name": ""
        },
        "Kampung Sempa": {
          "name": "Kampung Sempa",
          "timezone": "Asia/Kuala_Lumpur",
          "zipcodes": [],
          "region_name/district_name": ""
        },
        "Kampung Bintang": {
          "name": "Kampung Bintang",
          "timezone": "Asia/Kuala_Lumpur",
          "zipcodes": [],
          "region_name/district_name": ""
        },
        "Muadzam Shah": {
          "name": "Muadzam Shah",
          "timezone": "Asia/Kuala_Lumpur",
          "zipcodes": [
            "26700"
          ],
          "region_name/district_name": ""
        }
      }
    },
    "7": {
      "name": "Penang",
      "cities": {
        "Kampong Permatang Pauh": {
          "name": "Kampong Permatang Pauh",
          "timezone": "Asia/Kuala_Lumpur",
          "zipcodes": [],
          "region_name/district_name": ""
        },
        "Penang": {
          "name": "Penang",
          "timezone": "Asia/Kuala_Lumpur",
          "zipcodes": [],
          "region_name/district_name": ""
        },
        "Batu Feringgi": {
          "name": "Batu Feringgi",
          "timezone": "Asia/Kuala_Lumpur",
          "zipcodes": [],
          "region_name/district_name": ""
        },
        "Butterworth": {
          "name": "Butterworth",
          "timezone": "Asia/Kuala_Lumpur",
          "zipcodes": [
            "12000",
            "12100",
            "12200",
            "12300",
            "12700",
            "12710",
            "12720",
            "12990",
            "13000",
            "13009",
            "13020",
            "13050",
            "13400",
            "13409",
            "13800"
          ],
          "region_name/district_name": ""
        },
        "Bukit Mertajam": {
          "name": "Bukit Mertajam",
          "timezone": "Asia/Kuala_Lumpur",
          "zipcodes": [
            "14000",
            "14007",
            "14009",
            "14020"
          ],
          "region_name/district_name": ""
        },
        "Sungai Bakap": {
          "name": "Sungai Bakap",
          "timezone": "Asia/Kuala_Lumpur",
          "zipcodes": [],
          "region_name/district_name": ""
        },
        "Nibong Tebal": {
          "name": "Nibong Tebal",
          "timezone": "Asia/Kuala_Lumpur",
          "zipcodes": [
            "14300",
            "14310",
            "14320"
          ],
          "region_name/district_name": ""
        },
        "Tasek Glugor": {
          "name": "Tasek Glugor",
          "timezone": "Asia/Kuala_Lumpur",
          "zipcodes": [],
          "region_name/district_name": ""
        },
        "Balik Pulau": {
          "name": "Balik Pulau",
          "timezone": "Asia/Kuala_Lumpur",
          "zipcodes": [
            "11000",
            "11010",
            "11020"
          ],
          "region_name/district_name": ""
        },
        "Bayan Lepas": {
          "name": "Bayan Lepas",
          "timezone": "Asia/Kuala_Lumpur",
          "zipcodes": [
            "11900",
            "11910",
            "11920",
            "11950"
          ],
          "region_name/district_name": ""
        },
        "Batu Maung": {
          "name": "Batu Maung",
          "timezone": "Asia/Kuala_Lumpur",
          "zipcodes": [
            "11900",
            "11960"
          ],
          "region_name/district_name": ""
        },
        "George Town": {
          "name": "George Town",
          "timezone": "Asia/Kuala_Lumpur",
          "zipcodes": [],
          "region_name/district_name": ""
        },
        "Kepala Batas": {
          "name": "Kepala Batas",
          "timezone": "Asia/Kuala_Lumpur",
          "zipcodes": [
            "06200",
            "06207",
            "06209",
            "13200",
            "13210",
            "13220"
          ],
          "region_name/district_name": ""
        },
        "Tanjung Tokong": {
          "name": "Tanjung Tokong",
          "timezone": "Asia/Kuala_Lumpur",
          "zipcodes": [],
          "region_name/district_name": ""
        },
        "Simpang Empat Permatang Buluh": {
          "name": "Simpang Empat Permatang Buluh",
          "timezone": "Asia/Kuala_Lumpur",
          "zipcodes": [],
          "region_name/district_name": ""
        },
        "Pokok Sena": {
          "name": "Pokok Sena",
          "timezone": "Asia/Kuala_Lumpur",
          "zipcodes": [
            "06350",
            "06400"
          ],
          "region_name/district_name": ""
        },
        "Kampung Gajah": {
          "name": "Kampung Gajah",
          "timezone": "Asia/Kuala_Lumpur",
          "zipcodes": [
            "36800",
            "36810"
          ],
          "region_name/district_name": ""
        },
        "Juru": {
          "name": "Juru",
          "timezone": "Asia/Kuala_Lumpur",
          "zipcodes": [],
          "region_name/district_name": ""
        },
        "Jelutong": {
          "name": "Jelutong",
          "timezone": "Asia/Kuala_Lumpur",
          "zipcodes": [
            "11600",
            "11609"
          ],
          "region_name/district_name": ""
        },
        "Tanjung Bungah": {
          "name": "Tanjung Bungah",
          "timezone": "Asia/Kuala_Lumpur",
          "zipcodes": [
            "11200"
          ],
          "region_name/district_name": ""
        },
        "Taman Prai": {
          "name": "Taman Prai",
          "timezone": "Asia/Kuala_Lumpur",
          "zipcodes": [],
          "region_name/district_name": ""
        },
        "Seberang Jaya": {
          "name": "Seberang Jaya",
          "timezone": "Asia/Kuala_Lumpur",
          "zipcodes": [],
          "region_name/district_name": ""
        },
        "Tanjung Bunga": {
          "name": "Tanjung Bunga",
          "timezone": "Asia/Kuala_Lumpur",
          "zipcodes": [],
          "region_name/district_name": ""
        }
      }
    },
    "8": {
      "name": "Perak",
      "cities": {
        "Tanjong Malim": {
          "name": "Tanjong Malim",
          "timezone": "Asia/Kuala_Lumpur",
          "zipcodes": [
            "35900",
            "35907",
            "35909",
            "35910"
          ],
          "region_name/district_name": ""
        },
        "Sungkai": {
          "name": "Sungkai",
          "timezone": "Asia/Kuala_Lumpur",
          "zipcodes": [
            "35600"
          ],
          "region_name/district_name": ""
        },
        "nan": {
          "name": "nan",
          "timezone": "Asia/Kuala_Lumpur",
          "zipcodes": [],
          "region_name/district_name": ""
        },
        "Gerik": {
          "name": "Gerik",
          "timezone": "Asia/Kuala_Lumpur",
          "zipcodes": [
            "33300",
            "33310",
            "33320"
          ],
          "region_name/district_name": ""
        },
        "Tasik": {
          "name": "Tasik",
          "timezone": "Asia/Kuala_Lumpur",
          "zipcodes": [],
          "region_name/district_name": ""
        },
        "Kampung Cangkat Jering": {
          "name": "Kampung Cangkat Jering",
          "timezone": "Asia/Kuala_Lumpur",
          "zipcodes": [],
          "region_name/district_name": ""
        },
        "Kamunting": {
          "name": "Kamunting",
          "timezone": "Asia/Kuala_Lumpur",
          "zipcodes": [
            "34600"
          ],
          "region_name/district_name": ""
        },
        "Taiping": {
          "name": "Taiping",
          "timezone": "Asia/Kuala_Lumpur",
          "zipcodes": [
            "34000",
            "34007",
            "34008",
            "34009",
            "34010",
            "34020",
            "34030"
          ],
          "region_name/district_name": ""
        },
        "Kuala Kangsar": {
          "name": "Kuala Kangsar",
          "timezone": "Asia/Kuala_Lumpur",
          "zipcodes": [
            "33000",
            "33007",
            "33009",
            "33010",
            "33020",
            "33030",
            "33040"
          ],
          "region_name/district_name": ""
        },
        "Sungai Siput Utara": {
          "name": "Sungai Siput Utara",
          "timezone": "Asia/Kuala_Lumpur",
          "zipcodes": [],
          "region_name/district_name": ""
        },
        "Chemor": {
          "name": "Chemor",
          "timezone": "Asia/Kuala_Lumpur",
          "zipcodes": [
            "31200"
          ],
          "region_name/district_name": ""
        },
        "Ipoh": {
          "name": "Ipoh",
          "timezone": "Asia/Kuala_Lumpur",
          "zipcodes": [
            "30000",
            "30010",
            "30020",
            "30100",
            "30200",
            "30250",
            "30300",
            "30350",
            "30450",
            "30500",
            "30502",
            "30503",
            "30504",
            "30505",
            "30506",
            "30508",
            "30510",
            "30512",
            "30516",
            "30517",
            "30518",
            "30519",
            "30520",
            "30524",
            "30532",
            "30534",
            "30536",
            "30540",
            "30542",
            "30546",
            "30548",
            "30550",
            "30551",
            "30552",
            "30554",
            "30556",
            "30560",
            "30564",
            "30570",
            "30576",
            "30580",
            "30582",
            "30586",
            "30590",
            "30592",
            "30594",
            "30596",
            "30600",
            "30604",
            "30606",
            "30609",
            "30610",
            "30612",
            "30614",
            "30620",
            "30621",
            "30622",
            "30626",
            "30628",
            "30630",
            "30632",
            "30634",
            "30644",
            "30646",
            "30648",
            "30656",
            "30658",
            "30660",
            "30661",
            "30662",
            "30664",
            "30668",
            "30670",
            "30673",
            "30674",
            "30676",
            "30682",
            "30690",
            "30700",
            "30710",
            "30720",
            "30730",
            "30740",
            "30750",
            "30760",
            "30770",
            "30780",
            "30790",
            "30800",
            "30810",
            "30820",
            "30830",
            "30840",
            "30900",
            "30902",
            "30904",
            "30906",
            "30908",
            "30910",
            "30912",
            "30988",
            "30990",
            "31350",
            "31400",
            "31407",
            "31409",
            "31450",
            "31500",
            "31650"
          ],
          "region_name/district_name": ""
        },
        "Menglembu": {
          "name": "Menglembu",
          "timezone": "Asia/Kuala_Lumpur",
          "zipcodes": [],
          "region_name/district_name": ""
        },
        "Parit Buntar": {
          "name": "Parit Buntar",
          "timezone": "Asia/Kuala_Lumpur",
          "zipcodes": [
            "34200"
          ],
          "region_name/district_name": ""
        },
        "Kuala Kurau": {
          "name": "Kuala Kurau",
          "timezone": "Asia/Kuala_Lumpur",
          "zipcodes": [
            "34350"
          ],
          "region_name/district_name": ""
        },
        "Gopeng": {
          "name": "Gopeng",
          "timezone": "Asia/Kuala_Lumpur",
          "zipcodes": [
            "31600",
            "31610"
          ],
          "region_name/district_name": ""
        },
        "Batu Gajah": {
          "name": "Batu Gajah",
          "timezone": "Asia/Kuala_Lumpur",
          "zipcodes": [
            "31000",
            "31007",
            "31009"
          ],
          "region_name/district_name": ""
        },
        "Kota Baharu": {
          "name": "Kota Baharu",
          "timezone": "Asia/Kuala_Lumpur",
          "zipcodes": [],
          "region_name/district_name": ""
        },
        "Malim Nawar": {
          "name": "Malim Nawar",
          "timezone": "Asia/Kuala_Lumpur",
          "zipcodes": [
            "31700"
          ],
          "region_name/district_name": ""
        },
        "Kampar": {
          "name": "Kampar",
          "timezone": "Asia/Kuala_Lumpur",
          "zipcodes": [
            "31900",
            "31907",
            "31909",
            "31910",
            "31920"
          ],
          "region_name/district_name": ""
        },
        "Bidur": {
          "name": "Bidur",
          "timezone": "Asia/Kuala_Lumpur",
          "zipcodes": [],
          "region_name/district_name": ""
        },
        "Parit": {
          "name": "Parit",
          "timezone": "Asia/Kuala_Lumpur",
          "zipcodes": [
            "32800"
          ],
          "region_name/district_name": ""
        },
        "Lumut": {
          "name": "Lumut",
          "timezone": "Asia/Kuala_Lumpur",
          "zipcodes": [
            "32200"
          ],
          "region_name/district_name": ""
        },
        "Kampung Pasir Salak": {
          "name": "Kampung Pasir Salak",
          "timezone": "Asia/Kuala_Lumpur",
          "zipcodes": [],
          "region_name/district_name": ""
        },
        "Teluk Intan": {
          "name": "Teluk Intan",
          "timezone": "Asia/Kuala_Lumpur",
          "zipcodes": [
            "36000",
            "36007",
            "36008",
            "36009",
            "36010",
            "36020",
            "36030",
            "36110"
          ],
          "region_name/district_name": ""
        },
        "Simpang": {
          "name": "Simpang",
          "timezone": "Asia/Kuala_Lumpur",
          "zipcodes": [
            "34700"
          ],
          "region_name/district_name": ""
        },
        "Pantai Remis": {
          "name": "Pantai Remis",
          "timezone": "Asia/Kuala_Lumpur",
          "zipcodes": [
            "34900"
          ],
          "region_name/district_name": ""
        },
        "Kampung Teluk Baru": {
          "name": "Kampung Teluk Baru",
          "timezone": "Asia/Kuala_Lumpur",
          "zipcodes": [],
          "region_name/district_name": ""
        },
        "Kampung Tasek": {
          "name": "Kampung Tasek",
          "timezone": "Asia/Kuala_Lumpur",
          "zipcodes": [],
          "region_name/district_name": ""
        },
        "Kampong Ayer Hitam Labu": {
          "name": "Kampong Ayer Hitam Labu",
          "timezone": "Asia/Kuala_Lumpur",
          "zipcodes": [],
          "region_name/district_name": ""
        },
        "Seri Manjung": {
          "name": "Seri Manjung",
          "timezone": "Asia/Kuala_Lumpur",
          "zipcodes": [
            "32040"
          ],
          "region_name/district_name": ""
        },
        "Seri Iskandar": {
          "name": "Seri Iskandar",
          "timezone": "Asia/Kuala_Lumpur",
          "zipcodes": [],
          "region_name/district_name": ""
        }
      }
    },
    "9": {
      "name": "Perlis",
      "cities": {
        "Padang Besar": {
          "name": "Padang Besar",
          "timezone": "Asia/Kuala_Lumpur",
          "zipcodes": [
            "02100"
          ],
          "region_name/district_name": ""
        },
        "Kangar": {
          "name": "Kangar",
          "timezone": "Asia/Kuala_Lumpur",
          "zipcodes": [
            "01000",
            "01007",
            "01009",
            "01500",
            "01502",
            "01503",
            "01504",
            "01505",
            "01506",
            "01508",
            "01512",
            "01514",
            "01516",
            "01517",
            "01518",
            "01524",
            "01529",
            "01532",
            "01538",
            "01540",
            "01546",
            "01550",
            "01551",
            "01556",
            "01560",
            "01564",
            "01570",
            "01572",
            "01576",
            "01578",
            "01582",
            "01586",
            "01590",
            "01592",
            "01594",
            "01596",
            "01598",
            "01600",
            "01604",
            "01606",
            "01608",
            "01609",
            "01610",
            "01612",
            "01614",
            "01620",
            "01622",
            "01626",
            "01628",
            "01630",
            "01632",
            "01634",
            "01644",
            "01646",
            "01648",
            "01660",
            "01664",
            "01670",
            "01672",
            "01673",
            "01674",
            "01676",
            "01680",
            "01694",
            "02400",
            "02450",
            "02500"
          ],
          "region_name/district_name": ""
        },
        "Arau": {
          "name": "Arau",
          "timezone": "Asia/Kuala_Lumpur",
          "zipcodes": [
            "02600",
            "02607",
            "02609"
          ],
          "region_name/district_name": ""
        },
        "Kuala Perlis": {
          "name": "Kuala Perlis",
          "timezone": "Asia/Kuala_Lumpur",
          "zipcodes": [
            "02000"
          ],
          "region_name/district_name": ""
        }
      }
    },
    "10": {
      "name": "Selangor",
      "cities": {
        "Kuala Kubu Baharu": {
          "name": "Kuala Kubu Baharu",
          "timezone": "Asia/Kuala_Lumpur",
          "zipcodes": [],
          "region_name/district_name": ""
        },
        "Kuala Selangor": {
          "name": "Kuala Selangor",
          "timezone": "Asia/Kuala_Lumpur",
          "zipcodes": [
            "45000"
          ],
          "region_name/district_name": ""
        },
        "Batang Berjuntai": {
          "name": "Batang Berjuntai",
          "timezone": "Asia/Kuala_Lumpur",
          "zipcodes": [
            "45600",
            "45607",
            "45609",
            "45620"
          ],
          "region_name/district_name": ""
        },
        "Kapar": {
          "name": "Kapar",
          "timezone": "Asia/Kuala_Lumpur",
          "zipcodes": [
            "42200"
          ],
          "region_name/district_name": ""
        },
        "Shah Alam": {
          "name": "Shah Alam",
          "timezone": "Asia/Kuala_Lumpur",
          "zipcodes": [
            "40000",
            "40100",
            "40150",
            "40160",
            "40170",
            "40200",
            "40300",
            "40400",
            "40450",
            "40460",
            "40470",
            "40500",
            "40502",
            "40503",
            "40505",
            "40512",
            "40517",
            "40520",
            "40529",
            "40542",
            "40548",
            "40550",
            "40551",
            "40560",
            "40564",
            "40570",
            "40572",
            "40576",
            "40578",
            "40582",
            "40590",
            "40592",
            "40594",
            "40596",
            "40598",
            "40604",
            "40607",
            "40608",
            "40610",
            "40612",
            "40620",
            "40622",
            "40626",
            "40632",
            "40646",
            "40648",
            "40660",
            "40664",
            "40670",
            "40672",
            "40673",
            "40674",
            "40675",
            "40676",
            "40680",
            "40690",
            "40700",
            "40702",
            "40704",
            "40706",
            "40708",
            "40710",
            "40712",
            "40714",
            "40716",
            "40718",
            "40720",
            "40722",
            "40724",
            "40726",
            "40728",
            "40730",
            "40732",
            "40800",
            "40802",
            "40804",
            "40806",
            "40808",
            "40810",
            "40990"
          ],
          "region_name/district_name": ""
        },
        "Klang": {
          "name": "Klang",
          "timezone": "Asia/Kuala_Lumpur",
          "zipcodes": [
            "41000",
            "41050",
            "41100",
            "41150",
            "41200",
            "41250",
            "41300",
            "41400",
            "41506",
            "41560",
            "41586",
            "41672",
            "41700",
            "41710",
            "41720",
            "41900",
            "41902",
            "41904",
            "41906",
            "41908",
            "41910",
            "41912",
            "41914",
            "41916",
            "41918",
            "41990",
            "42100"
          ],
          "region_name/district_name": ""
        },
        "nan": {
          "name": "nan",
          "timezone": "Asia/Kuala_Lumpur",
          "zipcodes": [],
          "region_name/district_name": ""
        },
        "Teluk Panglima Garang": {
          "name": "Teluk Panglima Garang",
          "timezone": "Asia/Kuala_Lumpur",
          "zipcodes": [],
          "region_name/district_name": ""
        },
        "Port Klang": {
          "name": "Port Klang",
          "timezone": "Asia/Kuala_Lumpur",
          "zipcodes": [],
          "region_name/district_name": ""
        },
        "Banting": {
          "name": "Banting",
          "timezone": "Asia/Kuala_Lumpur",
          "zipcodes": [
            "42700"
          ],
          "region_name/district_name": ""
        },
        "Jenjarum": {
          "name": "Jenjarum",
          "timezone": "Asia/Kuala_Lumpur",
          "zipcodes": [],
          "region_name/district_name": ""
        },
        "Semenyih": {
          "name": "Semenyih",
          "timezone": "Asia/Kuala_Lumpur",
          "zipcodes": [
            "43500"
          ],
          "region_name/district_name": ""
        },
        "Sungai Pelek": {
          "name": "Sungai Pelek",
          "timezone": "Asia/Kuala_Lumpur",
          "zipcodes": [
            "43950"
          ],
          "region_name/district_name": ""
        },
        "Sepang": {
          "name": "Sepang",
          "timezone": "Asia/Kuala_Lumpur",
          "zipcodes": [
            "43900"
          ],
          "region_name/district_name": ""
        },
        "Rawang": {
          "name": "Rawang",
          "timezone": "Asia/Kuala_Lumpur",
          "zipcodes": [
            "48000",
            "48010",
            "48020",
            "48050",
            "48100",
            "48300"
          ],
          "region_name/district_name": ""
        },
        "Sungai Buloh": {
          "name": "Sungai Buloh",
          "timezone": "Asia/Kuala_Lumpur",
          "zipcodes": [
            "47000",
            "47100"
          ],
          "region_name/district_name": ""
        },
        "Petaling Jaya": {
          "name": "Petaling Jaya",
          "timezone": "Asia/Kuala_Lumpur",
          "zipcodes": [
            "46000",
            "46050",
            "46100",
            "46150",
            "46200",
            "46300",
            "46350",
            "46400",
            "46506",
            "46547",
            "46549",
            "46551",
            "46564",
            "46582",
            "46598",
            "46662",
            "46667",
            "46668",
            "46672",
            "46675",
            "46700",
            "46710",
            "46720",
            "46730",
            "46740",
            "46750",
            "46760",
            "46770",
            "46780",
            "46781",
            "46782",
            "46783",
            "46784",
            "46785",
            "46786",
            "46787",
            "46788",
            "46789",
            "46790",
            "46791",
            "46792",
            "46793",
            "46794",
            "46795",
            "46796",
            "46797",
            "46798",
            "46799",
            "46800",
            "46801",
            "46802",
            "46803",
            "46804",
            "46805",
            "46806",
            "46860",
            "46870",
            "46960",
            "46962",
            "46964",
            "46966",
            "46968",
            "46970",
            "46972",
            "46974",
            "46976",
            "46978",
            "47300",
            "47301",
            "47307",
            "47308",
            "47400",
            "47410",
            "47500",
            "47800",
            "47810",
            "47820",
            "47830"
          ],
          "region_name/district_name": ""
        },
        "Serdang": {
          "name": "Serdang",
          "timezone": "Asia/Kuala_Lumpur",
          "zipcodes": [
            "09800",
            "09810",
            "43400"
          ],
          "region_name/district_name": ""
        },
        "Setapak": {
          "name": "Setapak",
          "timezone": "Asia/Kuala_Lumpur",
          "zipcodes": [
            "53300"
          ],
          "region_name/district_name": ""
        },
        "Batu Caves": {
          "name": "Batu Caves",
          "timezone": "Asia/Kuala_Lumpur",
          "zipcodes": [
            "68100",
            "68100"
          ],
          "region_name/district_name": ""
        },
        "Hulu Langat": {
          "name": "Hulu Langat",
          "timezone": "Asia/Kuala_Lumpur",
          "zipcodes": [
            "43100"
          ],
          "region_name/district_name": ""
        },
        "Sabak Bernam": {
          "name": "Sabak Bernam",
          "timezone": "Asia/Kuala_Lumpur",
          "zipcodes": [
            "45200",
            "45207",
            "45209"
          ],
          "region_name/district_name": ""
        },
        "Sungai Besar": {
          "name": "Sungai Besar",
          "timezone": "Asia/Kuala_Lumpur",
          "zipcodes": [
            "45300"
          ],
          "region_name/district_name": ""
        },
        "Tanjung Sepat": {
          "name": "Tanjung Sepat",
          "timezone": "Asia/Kuala_Lumpur",
          "zipcodes": [],
          "region_name/district_name": ""
        },
        "Seri Kembangan": {
          "name": "Seri Kembangan",
          "timezone": "Asia/Kuala_Lumpur",
          "zipcodes": [
            "43300"
          ],
          "region_name/district_name": ""
        },
        "Puchong Batu Dua Belas": {
          "name": "Puchong Batu Dua Belas",
          "timezone": "Asia/Kuala_Lumpur",
          "zipcodes": [],
          "region_name/district_name": ""
        },
        "Kampong Pasir Segambut": {
          "name": "Kampong Pasir Segambut",
          "timezone": "Asia/Kuala_Lumpur",
          "zipcodes": [],
          "region_name/district_name": ""
        },
        "Kampung Baru Subang": {
          "name": "Kampung Baru Subang",
          "timezone": "Asia/Kuala_Lumpur",
          "zipcodes": [],
          "region_name/district_name": ""
        },
        "Kampung Baru Balakong": {
          "name": "Kampung Baru Balakong",
          "timezone": "Asia/Kuala_Lumpur",
          "zipcodes": [],
          "region_name/district_name": ""
        },
        "Cheras": {
          "name": "Cheras",
          "timezone": "Asia/Kuala_Lumpur",
          "zipcodes": [
            "56000",
            "56100",
            "43200",
            "43207",
            "56000",
            "56100"
          ],
          "region_name/district_name": ""
        },
        "Batang Kali": {
          "name": "Batang Kali",
          "timezone": "Asia/Kuala_Lumpur",
          "zipcodes": [
            "44300"
          ],
          "region_name/district_name": ""
        },
        "Jeram": {
          "name": "Jeram",
          "timezone": "Asia/Kuala_Lumpur",
          "zipcodes": [
            "31850",
            "45800"
          ],
          "region_name/district_name": ""
        },
        "Cyberjaya": {
          "name": "Cyberjaya",
          "timezone": "Asia/Kuala_Lumpur",
          "zipcodes": [
            "63000",
            "63100",
            "63200",
            "63300"
          ],
          "region_name/district_name": ""
        },
        "Dengkil": {
          "name": "Dengkil",
          "timezone": "Asia/Kuala_Lumpur",
          "zipcodes": [
            "43800",
            "43807"
          ],
          "region_name/district_name": ""
        },
        "Subang Jaya": {
          "name": "Subang Jaya",
          "timezone": "Asia/Kuala_Lumpur",
          "zipcodes": [
            "47500",
            "47507",
            "47600",
            "47610",
            "47620",
            "47630",
            "47640",
            "47650"
          ],
          "region_name/district_name": ""
        },
        "Bandar Baru Bangi": {
          "name": "Bandar Baru Bangi",
          "timezone": "Asia/Kuala_Lumpur",
          "zipcodes": [
            "43650"
          ],
          "region_name/district_name": ""
        },
        "Kajang": {
          "name": "Kajang",
          "timezone": "Asia/Kuala_Lumpur",
          "zipcodes": [
            "43000",
            "43007",
            "43009",
            "43558"
          ],
          "region_name/district_name": ""
        },
        "Bandar Puncak Alam": {
          "name": "Bandar Puncak Alam",
          "timezone": "Asia/Kuala_Lumpur",
          "zipcodes": [
            "42300"
          ],
          "region_name/district_name": ""
        },
        "Damansara Damai": {
          "name": "Damansara Damai",
          "timezone": "Asia/Kuala_Lumpur",
          "zipcodes": [],
          "region_name/district_name": ""
        },
        "Denai Alam": {
          "name": "Denai Alam",
          "timezone": "Asia/Kuala_Lumpur",
          "zipcodes": [],
          "region_name/district_name": ""
        },
        "Taman Koperasi Polis": {
          "name": "Taman Koperasi Polis",
          "timezone": "Asia/Kuala_Lumpur",
          "zipcodes": [],
          "region_name/district_name": ""
        }
      }
    },
    "11": {
      "name": "Terengganu",
      "cities": {
        "Cukai": {
          "name": "Cukai",
          "timezone": "Asia/Kuala_Lumpur",
          "zipcodes": [
            "24000",
            "24007",
            "24009"
          ],
          "region_name/district_name": ""
        },
        "Dungun": {
          "name": "Dungun",
          "timezone": "Asia/Kuala_Lumpur",
          "zipcodes": [
            "23000",
            "23007",
            "23009",
            "23050"
          ],
          "region_name/district_name": ""
        },
        "Paka": {
          "name": "Paka",
          "timezone": "Asia/Kuala_Lumpur",
          "zipcodes": [
            "23100"
          ],
          "region_name/district_name": ""
        },
        "Kuala Terengganu": {
          "name": "Kuala Terengganu",
          "timezone": "Asia/Kuala_Lumpur",
          "zipcodes": [
            "20000",
            "20050",
            "20100",
            "20200",
            "20300",
            "20400",
            "20500",
            "20502",
            "20503",
            "20504",
            "20505",
            "20506",
            "20508",
            "20512",
            "20514",
            "20516",
            "20517",
            "20518",
            "20519",
            "20520",
            "20532",
            "20534",
            "20536",
            "20538",
            "20540",
            "20542",
            "20546",
            "20548",
            "20550",
            "20551",
            "20552",
            "20554",
            "20556",
            "20560",
            "20564",
            "20566",
            "20568",
            "20570",
            "20572",
            "20576",
            "20578",
            "20582",
            "20586",
            "20590",
            "20592",
            "20596",
            "20600",
            "20604",
            "20606",
            "20608",
            "20609",
            "20610",
            "20612",
            "20614",
            "20618",
            "20620",
            "20622",
            "20626",
            "20628",
            "20630",
            "20632",
            "20646",
            "20648",
            "20656",
            "20658",
            "20660",
            "20661",
            "20662",
            "20664",
            "20668",
            "20670",
            "20672",
            "20673",
            "20674",
            "20676",
            "20680",
            "20690",
            "20698",
            "20700",
            "20710",
            "20720",
            "20900",
            "20902",
            "20904",
            "20906",
            "20908",
            "20910",
            "20912",
            "20914",
            "20916",
            "20918",
            "20920",
            "20922",
            "20924",
            "20926",
            "20928",
            "20930",
            "20990",
            "21000",
            "21009",
            "21010",
            "21020",
            "21030",
            "21040",
            "21060",
            "21070",
            "21080",
            "21090",
            "21100",
            "21109",
            "21200",
            "21209",
            "21210",
            "21220",
            "21300",
            "21309"
          ],
          "region_name/district_name": ""
        },
        "Marang": {
          "name": "Marang",
          "timezone": "Asia/Kuala_Lumpur",
          "zipcodes": [
            "21600",
            "21610"
          ],
          "region_name/district_name": ""
        },
        "Kuala Besut": {
          "name": "Kuala Besut",
          "timezone": "Asia/Kuala_Lumpur",
          "zipcodes": [
            "22300",
            "22307",
            "22309"
          ],
          "region_name/district_name": ""
        },
        "Jertih": {
          "name": "Jertih",
          "timezone": "Asia/Kuala_Lumpur",
          "zipcodes": [],
          "region_name/district_name": ""
        },
        "Kampong Kemaman": {
          "name": "Kampong Kemaman",
          "timezone": "Asia/Kuala_Lumpur",
          "zipcodes": [],
          "region_name/district_name": ""
        }
      }
    },
    "12": {
      "name": "Sabah",
      "cities": {
        "Papar": {
          "name": "Papar",
          "timezone": "Asia/Kuching",
          "zipcodes": [
            "89600",
            "89607",
            "89608",
            "89609"
          ],
          "region_name/district_name": ""
        },
        "Kuala": {
          "name": "Kuala",
          "timezone": "Asia/Kuching",
          "zipcodes": [],
          "region_name/district_name": ""
        },
        "Kota Kinabalu": {
          "name": "Kota Kinabalu",
          "timezone": "Asia/Kuching",
          "zipcodes": [
            "88000",
            "88100",
            "88200",
            "88300",
            "88400",
            "88450",
            "88460",
            "88500",
            "88502",
            "88504",
            "88505",
            "88506",
            "88508",
            "88510",
            "88512",
            "88514",
            "88516",
            "88518",
            "88520",
            "88526",
            "88527",
            "88532",
            "88534",
            "88538",
            "88540",
            "88546",
            "88550",
            "88551",
            "88552",
            "88554",
            "88556",
            "88558",
            "88560",
            "88562",
            "88564",
            "88566",
            "88568",
            "88570",
            "88572",
            "88576",
            "88580",
            "88582",
            "88586",
            "88590",
            "88592",
            "88594",
            "88596",
            "88598",
            "88600",
            "88602",
            "88604",
            "88606",
            "88608",
            "88609",
            "88610",
            "88612",
            "88614",
            "88617",
            "88618",
            "88620",
            "88621",
            "88622",
            "88624",
            "88626",
            "88628",
            "88630",
            "88632",
            "88634",
            "88644",
            "88646",
            "88648",
            "88656",
            "88658",
            "88660",
            "88661",
            "88662",
            "88670",
            "88672",
            "88673",
            "88675",
            "88676",
            "88680",
            "88690",
            "88757",
            "88758",
            "88759",
            "88760",
            "88761",
            "88762",
            "88763",
            "88764",
            "88765",
            "88766",
            "88767",
            "88768",
            "88769",
            "88770",
            "88771",
            "88772",
            "88773",
            "88774",
            "88775",
            "88776",
            "88777",
            "88778",
            "88779",
            "88780",
            "88781",
            "88782",
            "88783",
            "88784",
            "88785",
            "88786",
            "88787",
            "88788",
            "88789",
            "88790",
            "88800",
            "88801",
            "88802",
            "88803",
            "88804",
            "88805",
            "88806",
            "88807",
            "88808",
            "88809",
            "88810",
            "88811",
            "88812",
            "88813",
            "88814",
            "88815",
            "88816",
            "88817",
            "88818",
            "88819",
            "88820",
            "88821",
            "88822",
            "88823",
            "88824",
            "88825",
            "88826",
            "88827",
            "88828",
            "88829",
            "88830",
            "88831",
            "88832",
            "88833",
            "88834",
            "88835",
            "88836",
            "88837",
            "88838",
            "88839",
            "88840",
            "88841",
            "88842",
            "88843",
            "88844",
            "88845",
            "88846",
            "88847",
            "88848",
            "88849",
            "88850",
            "88851",
            "88852",
            "88853",
            "88854",
            "88855",
            "88860",
            "88861",
            "88862",
            "88863",
            "88865",
            "88866",
            "88867",
            "88868",
            "88869",
            "88870",
            "88871",
            "88872",
            "88873",
            "88874",
            "88875",
            "88900",
            "88901",
            "88902",
            "88903",
            "88904",
            "88905",
            "88906",
            "88988",
            "88990",
            "88991",
            "88992",
            "88993",
            "88994",
            "88995",
            "88996",
            "88997",
            "88998",
            "88999"
          ],
          "region_name/district_name": ""
        },
        "Putatan": {
          "name": "Putatan",
          "timezone": "Asia/Kuching",
          "zipcodes": [
            "88721",
            "88722",
            "88723",
            "88724",
            "88725"
          ],
          "region_name/district_name": ""
        },
        "Tambunan": {
          "name": "Tambunan",
          "timezone": "Asia/Kuching",
          "zipcodes": [
            "89650",
            "89657",
            "89658",
            "89659"
          ],
          "region_name/district_name": ""
        },
        "Ranau": {
          "name": "Ranau",
          "timezone": "Asia/Kuching",
          "zipcodes": [
            "89300",
            "89307",
            "89308",
            "89309"
          ],
          "region_name/district_name": ""
        },
        "Kampung Kunak": {
          "name": "Kampung Kunak",
          "timezone": "Asia/Kuching",
          "zipcodes": [],
          "region_name/district_name": ""
        },
        "Kampung Baharu": {
          "name": "Kampung Baharu",
          "timezone": "Asia/Kuching",
          "zipcodes": [],
          "region_name/district_name": ""
        },
        "Beaufort": {
          "name": "Beaufort",
          "timezone": "Asia/Kuching",
          "zipcodes": [
            "89800",
            "89807",
            "89808",
            "89809"
          ],
          "region_name/district_name": ""
        },
        "Lahad Datu": {
          "name": "Lahad Datu",
          "timezone": "Asia/Kuching",
          "zipcodes": [
            "91100",
            "91109",
            "91110",
            "91111",
            "91112",
            "91113",
            "91114",
            "91115",
            "91116",
            "91117",
            "91118",
            "91119",
            "91120",
            "91121",
            "91122",
            "91123",
            "91124",
            "91125",
            "91126",
            "91127",
            "91128",
            "91150"
          ],
          "region_name/district_name": ""
        },
        "Sandakan": {
          "name": "Sandakan",
          "timezone": "Asia/Kuching",
          "zipcodes": [
            "90000",
            "90009",
            "90300",
            "90307",
            "90700",
            "90701",
            "90702",
            "90703",
            "90704",
            "90705",
            "90706",
            "90707",
            "90708",
            "90709",
            "90711",
            "90712",
            "90713",
            "90714",
            "90715",
            "90716",
            "90717",
            "90718",
            "90719",
            "90720",
            "90721",
            "90722",
            "90723",
            "90724",
            "90725",
            "90726",
            "90727",
            "90728",
            "90729",
            "90730",
            "90731",
            "90732",
            "90733",
            "90734",
            "90735",
            "90736",
            "90737",
            "90738",
            "90739",
            "90740",
            "90741"
          ],
          "region_name/district_name": ""
        },
        "Keningau": {
          "name": "Keningau",
          "timezone": "Asia/Kuching",
          "zipcodes": [
            "89000",
            "89007",
            "89008",
            "89009"
          ],
          "region_name/district_name": ""
        },
        "Tawau": {
          "name": "Tawau",
          "timezone": "Asia/Kuching",
          "zipcodes": [
            "91000",
            "91007",
            "91008",
            "91009",
            "91010",
            "91011",
            "91012",
            "91013",
            "91014",
            "91015",
            "91016",
            "91017",
            "91018",
            "91019",
            "91020",
            "91021",
            "91022",
            "91023",
            "91024",
            "91025",
            "91026",
            "91027",
            "91028",
            "91029",
            "91030",
            "91031",
            "91032",
            "91033",
            "91034",
            "91035"
          ],
          "region_name/district_name": ""
        },
        "Tamparuli": {
          "name": "Tamparuli",
          "timezone": "Asia/Kuching",
          "zipcodes": [
            "89250",
            "89257",
            "89258",
            "89259"
          ],
          "region_name/district_name": ""
        },
        "Tuaran": {
          "name": "Tuaran",
          "timezone": "Asia/Kuching",
          "zipcodes": [
            "89200",
            "89207",
            "89208",
            "89209"
          ],
          "region_name/district_name": ""
        },
        "Penampang": {
          "name": "Penampang",
          "timezone": "Asia/Kuching",
          "zipcodes": [
            "89500",
            "89507",
            "89508",
            "89509"
          ],
          "region_name/district_name": ""
        }
      }
    },
    "13": {
      "name": "Sarawak",
      "cities": {
        "Bau": {
          "name": "Bau",
          "timezone": "Asia/Kuching",
          "zipcodes": [
            "94000",
            "94007",
            "94009"
          ],
          "region_name/district_name": ""
        },
        "Mukah": {
          "name": "Mukah",
          "timezone": "Asia/Kuching",
          "zipcodes": [
            "96400",
            "96410"
          ],
          "region_name/district_name": ""
        },
        "Kuching": {
          "name": "Kuching",
          "timezone": "Asia/Kuching",
          "zipcodes": [
            "93000",
            "93010",
            "93050",
            "93100",
            "93150",
            "93200",
            "93250",
            "93300",
            "93350",
            "93400",
            "93450",
            "93500",
            "93502",
            "93503",
            "93504",
            "93505",
            "93506",
            "93507",
            "93508",
            "93514",
            "93516",
            "93517",
            "93518",
            "93519",
            "93520",
            "93527",
            "93529",
            "93532",
            "93540",
            "93550",
            "93551",
            "93552",
            "93554",
            "93556",
            "93558",
            "93560",
            "93564",
            "93566",
            "93570",
            "93572",
            "93576",
            "93578",
            "93582",
            "93586",
            "93590",
            "93592",
            "93594",
            "93596",
            "93600",
            "93604",
            "93606",
            "93608",
            "93609",
            "93610",
            "93612",
            "93614",
            "93618",
            "93619",
            "93620",
            "93626",
            "93628",
            "93632",
            "93634",
            "93648",
            "93658",
            "93660",
            "93661",
            "93662",
            "93670",
            "93672",
            "93677",
            "93690",
            "93694",
            "93700",
            "93702",
            "93704",
            "93706",
            "93708",
            "93710",
            "93712",
            "93714",
            "93716",
            "93718",
            "93720",
            "93722",
            "93724",
            "93726",
            "93728",
            "93730",
            "93732",
            "93734",
            "93736",
            "93738",
            "93740",
            "93742",
            "93744",
            "93746",
            "93748",
            "93750",
            "93752",
            "93754",
            "93756",
            "93758",
            "93760",
            "93762",
            "93764",
            "93900",
            "93902",
            "93904",
            "93906",
            "93908",
            "93910",
            "93912",
            "93914",
            "93916",
            "93990"
          ],
          "region_name/district_name": ""
        },
        "Sibu": {
          "name": "Sibu",
          "timezone": "Asia/Kuching",
          "zipcodes": [
            "96000",
            "96007",
            "96008",
            "96009"
          ],
          "region_name/district_name": ""
        },
        "Pusa": {
          "name": "Pusa",
          "timezone": "Asia/Kuching",
          "zipcodes": [
            "94950"
          ],
          "region_name/district_name": ""
        },
        "Saratok": {
          "name": "Saratok",
          "timezone": "Asia/Kuching",
          "zipcodes": [
            "95400",
            "95407",
            "95409"
          ],
          "region_name/district_name": ""
        },
        "Matu": {
          "name": "Matu",
          "timezone": "Asia/Kuching",
          "zipcodes": [
            "96250"
          ],
          "region_name/district_name": ""
        },
        "Kampong Lundu": {
          "name": "Kampong Lundu",
          "timezone": "Asia/Kuching",
          "zipcodes": [],
          "region_name/district_name": ""
        },
        "Bintulu": {
          "name": "Bintulu",
          "timezone": "Asia/Kuching",
          "zipcodes": [
            "97000",
            "97007",
            "97008",
            "97009",
            "97010",
            "97011",
            "97012",
            "97013",
            "97014",
            "97015",
            "97300"
          ],
          "region_name/district_name": ""
        },
        "Limbang": {
          "name": "Limbang",
          "timezone": "Asia/Kuching",
          "zipcodes": [
            "98700",
            "98707",
            "98708",
            "98709"
          ],
          "region_name/district_name": ""
        },
        "Marabu": {
          "name": "Marabu",
          "timezone": "Asia/Kuching",
          "zipcodes": [],
          "region_name/district_name": ""
        },
        "Kampong Krian": {
          "name": "Kampong Krian",
          "timezone": "Asia/Kuching",
          "zipcodes": [],
          "region_name/district_name": ""
        },
        "Jerai": {
          "name": "Jerai",
          "timezone": "Asia/Kuching",
          "zipcodes": [],
          "region_name/district_name": ""
        },
        "Rumah Ngalantei": {
          "name": "Rumah Ngalantei",
          "timezone": "Asia/Kuching",
          "zipcodes": [],
          "region_name/district_name": ""
        }
      }
    },
    "14": {
      "name": "Kuala Lumpur",
      "cities": {
        "nan": {
          "name": "nan",
          "timezone": "Asia/Kuala_Lumpur",
          "zipcodes": [],
          "region_name/district_name": ""
        },
        "Kuala Lumpur": {
          "name": "Kuala Lumpur",
          "timezone": "Asia/Kuala_Lumpur",
          "zipcodes": [
            "50000",
            "50050",
            "50088",
            "50100",
            "50150",
            "50200",
            "50250",
            "50300",
            "50350",
            "50400",
            "50450",
            "50460",
            "50470",
            "50480",
            "50490",
            "50500",
            "50502",
            "50504",
            "50505",
            "50506",
            "50507",
            "50508",
            "50512",
            "50514",
            "50515",
            "50519",
            "50528",
            "50529",
            "50530",
            "50532",
            "50534",
            "50536",
            "50540",
            "50544",
            "50546",
            "50548",
            "50550",
            "50551",
            "50552",
            "50554",
            "50556",
            "50560",
            "50562",
            "50564",
            "50566",
            "50568",
            "50572",
            "50576",
            "50578",
            "50580",
            "50582",
            "50586",
            "50588",
            "50590",
            "50592",
            "50594",
            "50596",
            "50598",
            "50599",
            "50600",
            "50603",
            "50604",
            "50605",
            "50608",
            "50609",
            "50610",
            "50612",
            "50614",
            "50620",
            "50621",
            "50622",
            "50623",
            "50626",
            "50632",
            "50634",
            "50636",
            "50638",
            "50640",
            "50642",
            "50644",
            "50646",
            "50648",
            "50650",
            "50652",
            "50653",
            "50656",
            "50658",
            "50660",
            "50661",
            "50662",
            "50664",
            "50666",
            "50668",
            "50670",
            "50672",
            "50673",
            "50676",
            "50677",
            "50678",
            "50680",
            "50682",
            "50684",
            "50688",
            "50694",
            "50700",
            "50702",
            "50704",
            "50706",
            "50708",
            "50710",
            "50712",
            "50714",
            "50716",
            "50718",
            "50720",
            "50722",
            "50724",
            "50726",
            "50728",
            "50730",
            "50732",
            "50734",
            "50736",
            "50738",
            "50740",
            "50742",
            "50744",
            "50746",
            "50748",
            "50750",
            "50752",
            "50754",
            "50758",
            "50760",
            "50762",
            "50764",
            "50766",
            "50768",
            "50770",
            "50772",
            "50774",
            "50776",
            "50778",
            "50780",
            "50782",
            "50784",
            "50786",
            "50788",
            "50790",
            "50792",
            "50794",
            "50796",
            "50798",
            "50800",
            "50802",
            "50804",
            "50806",
            "50808",
            "50810",
            "50812",
            "50814",
            "50816",
            "50818",
            "50901",
            "50902",
            "50903",
            "50904",
            "50906",
            "50907",
            "50908",
            "50909",
            "50910",
            "50911",
            "50912",
            "50913",
            "50914",
            "50915",
            "50916",
            "50917",
            "50918",
            "50919",
            "50920",
            "50921",
            "50922",
            "50923",
            "50924",
            "50925",
            "50926",
            "50927",
            "50928",
            "50929",
            "50930",
            "50931",
            "50932",
            "50933",
            "50934",
            "50935",
            "50936",
            "50937",
            "50938",
            "50939",
            "50940",
            "50941",
            "50942",
            "50943",
            "50944",
            "50945",
            "50946",
            "50947",
            "50948",
            "50949",
            "50950",
            "50988",
            "50989",
            "50990",
            "51000",
            "51100",
            "51200",
            "51700",
            "51990",
            "52000",
            "52100",
            "52200",
            "53000",
            "53100",
            "53200",
            "53300",
            "53700",
            "53800",
            "53990",
            "54000",
            "54100",
            "54200",
            "55000",
            "55100",
            "55200",
            "55300",
            "55700",
            "55710",
            "55720",
            "55900",
            "55902",
            "55904",
            "55906",
            "55908",
            "55910",
            "55912",
            "55914",
            "55916",
            "55918",
            "55920",
            "55922",
            "55924",
            "55926",
            "55928",
            "55930",
            "55932",
            "55934",
            "55990",
            "56000",
            "56100",
            "57000",
            "57100",
            "57700",
            "57990",
            "58000",
            "58100",
            "58200",
            "58700",
            "58990",
            "59000",
            "59100",
            "59200",
            "59700",
            "59800",
            "59990",
            "60000"
          ],
          "region_name/district_name": ""
        },
        "Ampang": {
          "name": "Ampang",
          "timezone": "Asia/Kuala_Lumpur",
          "zipcodes": [
            "68000",
          ],
          "region_name/district_name": ""
        },
        "Sentul": {
          "name": "Sentul",
          "timezone": "Asia/Kuala_Lumpur",
          "zipcodes": [],
          "region_name/district_name": ""
        },
        "Kepong": {
          "name": "Kepong",
          "timezone": "Asia/Kuala_Lumpur",
          "zipcodes": [],
          "region_name/district_name": ""
        },
        "Bukit Bintang": {
          "name": "Bukit Bintang",
          "timezone": "Asia/Kuala_Lumpur",
          "zipcodes": [],
          "region_name/district_name": ""
        },
        "Istana Negara": {
          "name": "Istana Negara",
          "timezone": "Asia/Kuala_Lumpur",
          "zipcodes": [],
          "region_name/district_name": ""
        }
      }
    },
    "15": {
      "name": "Labuan",
      "cities": {
        "Labuan": {
          "name": "Labuan",
          "timezone": "Asia/Kuala_Lumpur",
          "zipcodes": [
            "87000",
            "87010",
            "87011",
            "87012",
            "87013",
            "87014",
            "87015",
            "87016",
            "87017",
            "87018",
            "87019",
            "87020",
            "87021",
            "87022",
            "87023",
            "87024",
            "87025",
            "87026",
            "87027",
            "87028",
            "87029",
            "87030",
            "87031",
            "87032",
            "87033"
          ],
          "region_name/district_name": ""
        },
        "nan": {
          "name": "nan",
          "timezone": "Asia/Kuching",
          "zipcodes": [],
          "region_name/district_name": ""
        }
      }
    },
    "16": {
      "name": "Putrajaya",
      "cities": {
        "Putrajaya": {
          "name": "Putrajaya",
          "timezone": "Asia/Kuala_Lumpur",
          "zipcodes": [
            "62000",
            "62007",
            "62050",
            "62100",
            "62150",
            "62200",
            "62250",
            "62300",
            "62502",
            "62504",
            "62505",
            "62506",
            "62510",
            "62512",
            "62514",
            "62516",
            "62517",
            "62518",
            "62519",
            "62520",
            "62522",
            "62524",
            "62526",
            "62527",
            "62530",
            "62532",
            "62536",
            "62540",
            "62542",
            "62546",
            "62550",
            "62551",
            "62570",
            "62574",
            "62576",
            "62582",
            "62584",
            "62590",
            "62592",
            "62594",
            "62596",
            "62602",
            "62604",
            "62605",
            "62606",
            "62616",
            "62618",
            "62620",
            "62623",
            "62624",
            "62628",
            "62630",
            "62632",
            "62648",
            "62652",
            "62654",
            "62662",
            "62668",
            "62670",
            "62674",
            "62675",
            "62676",
            "62677",
            "62686",
            "62692",
            "62988"
          ],
          "region_name/district_name": ""
        }
      }
    }
  }
}